{
  "ev_52wk_low": 989052.18,
  "ev_52wk_high": 4485833.7,
  "current_ev": 3041888.05014,
  "dcf_low": 166476.91093442042,
  "dcf_high": 249715.36640163057
}